{
    "shoulder_pan": 0.006135923151542565,
    "shoulder_lift": -0.5353592949720888,
    "elbow_flex": 1.1382137446111458,
    "wrist_flex": -0.05368932757599744,
    "wrist_roll": 0.0030679615757712823,
    "gripper": 1.88986433067511
}